CustomerID,CustomerName,Gender,City,State,Email,Phone
101,Customer 101,Male,Delhi,Delhi,customer101@gmail.com,9876540000
102,Customer 102,Female,Lucknow,Uttar Pradesh,customer102@gmail.com,9876540001
103,Customer 103,Male,Mumbai,Maharashtra,customer103@gmail.com,9876540002
104,Customer 104,Female,Kolkata,West Bengal,customer104@gmail.com,9876540003
105,Customer 105,Male,Patna,Bihar,customer105@gmail.com,9876540004
106,Customer 106,Female,Jaipur,Rajasthan,customer106@gmail.com,9876540005
107,Customer 107,Male,Ahmedabad,Gujarat,customer107@gmail.com,9876540006
108,Customer 108,Female,Chennai,Tamil Nadu,customer108@gmail.com,9876540007
109,Customer 109,Male,Hyderabad,Telangana,customer109@gmail.com,9876540008
110,Customer 110,Female,Bhubaneswar,Odisha,customer110@gmail.com,9876540009
111,Customer 111,Male,Delhi,Delhi,customer111@gmail.com,9876540010
112,Customer 112,Female,Lucknow,Uttar Pradesh,customer112@gmail.com,9876540011
113,Customer 113,Male,Mumbai,Maharashtra,customer113@gmail.com,9876540012
114,Customer 114,Female,Kolkata,West Bengal,customer114@gmail.com,9876540013
115,Customer 115,Male,Patna,Bihar,customer115@gmail.com,9876540014
116,Customer 116,Female,Jaipur,Rajasthan,customer116@gmail.com,9876540015
117,Customer 117,Male,Ahmedabad,Gujarat,customer117@gmail.com,9876540016
118,Customer 118,Female,Chennai,Tamil Nadu,customer118@gmail.com,9876540017
119,Customer 119,Male,Hyderabad,Telangana,customer119@gmail.com,9876540018
120,Customer 120,Female,Bhubaneswar,Odisha,customer120@gmail.com,9876540019
121,Customer 121,Male,Delhi,Delhi,customer121@gmail.com,9876540020
122,Customer 122,Female,Lucknow,Uttar Pradesh,customer122@gmail.com,9876540021
123,Customer 123,Male,Mumbai,Maharashtra,customer123@gmail.com,9876540022
124,Customer 124,Female,Kolkata,West Bengal,customer124@gmail.com,9876540023
125,Customer 125,Male,Patna,Bihar,customer125@gmail.com,9876540024
126,Customer 126,Female,Jaipur,Rajasthan,customer126@gmail.com,9876540025
127,Customer 127,Male,Ahmedabad,Gujarat,customer127@gmail.com,9876540026
128,Customer 128,Female,Chennai,Tamil Nadu,customer128@gmail.com,9876540027
129,Customer 129,Male,Hyderabad,Telangana,customer129@gmail.com,9876540028
130,Customer 130,Female,Bhubaneswar,Odisha,customer130@gmail.com,9876540029
131,Customer 131,Male,Delhi,Delhi,customer131@gmail.com,9876540030
132,Customer 132,Female,Lucknow,Uttar Pradesh,customer132@gmail.com,9876540031
133,Customer 133,Male,Mumbai,Maharashtra,customer133@gmail.com,9876540032
134,Customer 134,Female,Kolkata,West Bengal,customer134@gmail.com,9876540033
135,Customer 135,Male,Patna,Bihar,customer135@gmail.com,9876540034
136,Customer 136,Female,Jaipur,Rajasthan,customer136@gmail.com,9876540035
137,Customer 137,Male,Ahmedabad,Gujarat,customer137@gmail.com,9876540036
138,Customer 138,Female,Chennai,Tamil Nadu,customer138@gmail.com,9876540037
139,Customer 139,Male,Hyderabad,Telangana,customer139@gmail.com,9876540038
140,Customer 140,Female,Bhubaneswar,Odisha,customer140@gmail.com,9876540039
141,Customer 141,Male,Delhi,Delhi,customer141@gmail.com,9876540040
142,Customer 142,Female,Lucknow,Uttar Pradesh,customer142@gmail.com,9876540041
143,Customer 143,Male,Mumbai,Maharashtra,customer143@gmail.com,9876540042
144,Customer 144,Female,Kolkata,West Bengal,customer144@gmail.com,9876540043
145,Customer 145,Male,Patna,Bihar,customer145@gmail.com,9876540044
146,Customer 146,Female,Jaipur,Rajasthan,customer146@gmail.com,9876540045
147,Customer 147,Male,Ahmedabad,Gujarat,customer147@gmail.com,9876540046
148,Customer 148,Female,Chennai,Tamil Nadu,customer148@gmail.com,9876540047
149,Customer 149,Male,Hyderabad,Telangana,customer149@gmail.com,9876540048
150,Customer 150,Female,Bhubaneswar,Odisha,customer150@gmail.com,9876540049
151,Customer 151,Male,Delhi,Delhi,customer151@gmail.com,9876540050
152,Customer 152,Female,Lucknow,Uttar Pradesh,customer152@gmail.com,9876540051
153,Customer 153,Male,Mumbai,Maharashtra,customer153@gmail.com,9876540052
154,Customer 154,Female,Kolkata,West Bengal,customer154@gmail.com,9876540053
155,Customer 155,Male,Patna,Bihar,customer155@gmail.com,9876540054
156,Customer 156,Female,Jaipur,Rajasthan,customer156@gmail.com,9876540055
157,Customer 157,Male,Ahmedabad,Gujarat,customer157@gmail.com,9876540056
158,Customer 158,Female,Chennai,Tamil Nadu,customer158@gmail.com,9876540057
159,Customer 159,Male,Hyderabad,Telangana,customer159@gmail.com,9876540058
160,Customer 160,Female,Bhubaneswar,Odisha,customer160@gmail.com,9876540059
161,Customer 161,Male,Delhi,Delhi,customer161@gmail.com,9876540060
162,Customer 162,Female,Lucknow,Uttar Pradesh,customer162@gmail.com,9876540061
163,Customer 163,Male,Mumbai,Maharashtra,customer163@gmail.com,9876540062
164,Customer 164,Female,Kolkata,West Bengal,customer164@gmail.com,9876540063
165,Customer 165,Male,Patna,Bihar,customer165@gmail.com,9876540064
166,Customer 166,Female,Jaipur,Rajasthan,customer166@gmail.com,9876540065
167,Customer 167,Male,Ahmedabad,Gujarat,customer167@gmail.com,9876540066
168,Customer 168,Female,Chennai,Tamil Nadu,customer168@gmail.com,9876540067
169,Customer 169,Male,Hyderabad,Telangana,customer169@gmail.com,9876540068
170,Customer 170,Female,Bhubaneswar,Odisha,customer170@gmail.com,9876540069
171,Customer 171,Male,Delhi,Delhi,customer171@gmail.com,9876540070
172,Customer 172,Female,Lucknow,Uttar Pradesh,customer172@gmail.com,9876540071
173,Customer 173,Male,Mumbai,Maharashtra,customer173@gmail.com,9876540072
174,Customer 174,Female,Kolkata,West Bengal,customer174@gmail.com,9876540073
175,Customer 175,Male,Patna,Bihar,customer175@gmail.com,9876540074
176,Customer 176,Female,Jaipur,Rajasthan,customer176@gmail.com,9876540075
177,Customer 177,Male,Ahmedabad,Gujarat,customer177@gmail.com,9876540076
178,Customer 178,Female,Chennai,Tamil Nadu,customer178@gmail.com,9876540077
179,Customer 179,Male,Hyderabad,Telangana,customer179@gmail.com,9876540078
180,Customer 180,Female,Bhubaneswar,Odisha,customer180@gmail.com,9876540079
181,Customer 181,Male,Delhi,Delhi,customer181@gmail.com,9876540080
182,Customer 182,Female,Lucknow,Uttar Pradesh,customer182@gmail.com,9876540081
183,Customer 183,Male,Mumbai,Maharashtra,customer183@gmail.com,9876540082
184,Customer 184,Female,Kolkata,West Bengal,customer184@gmail.com,9876540083
185,Customer 185,Male,Patna,Bihar,customer185@gmail.com,9876540084
186,Customer 186,Female,Jaipur,Rajasthan,customer186@gmail.com,9876540085
187,Customer 187,Male,Ahmedabad,Gujarat,customer187@gmail.com,9876540086
188,Customer 188,Female,Chennai,Tamil Nadu,customer188@gmail.com,9876540087
189,Customer 189,Male,Hyderabad,Telangana,customer189@gmail.com,9876540088
190,Customer 190,Female,Bhubaneswar,Odisha,customer190@gmail.com,9876540089
191,Customer 191,Male,Delhi,Delhi,customer191@gmail.com,9876540090
192,Customer 192,Female,Lucknow,Uttar Pradesh,customer192@gmail.com,9876540091
193,Customer 193,Male,Mumbai,Maharashtra,customer193@gmail.com,9876540092
194,Customer 194,Female,Kolkata,West Bengal,customer194@gmail.com,9876540093
195,Customer 195,Male,Patna,Bihar,customer195@gmail.com,9876540094
196,Customer 196,Female,Jaipur,Rajasthan,customer196@gmail.com,9876540095
197,Customer 197,Male,Ahmedabad,Gujarat,customer197@gmail.com,9876540096
198,Customer 198,Female,Chennai,Tamil Nadu,customer198@gmail.com,9876540097
199,Customer 199,Male,Hyderabad,Telangana,customer199@gmail.com,9876540098
200,Customer 200,Female,Bhubaneswar,Odisha,customer200@gmail.com,9876540099
